Timestamp,Object,Track_ID,Zone,Image,actual,predicted
2026-03-30 21:20:45.040685,car,40,SafeZone,frame_314.jpg,0,0
2026-03-30 21:14:23.040685,car,45,SafeZone,frame_123.jpg,0,0
2026-03-30 21:20:31.040685,truck,19,SafeZone,frame_307.jpg,0,0
2026-03-30 21:12:21.040685,person,4,BlindSpot,frame_62.jpg,1,1
2026-03-30 21:17:05.040685,bike,4,SafeZone,frame_204.jpg,0,0
2026-03-30 21:17:25.040685,car,26,SafeZone,frame_214.jpg,0,0
2026-03-30 21:17:11.040685,bike,16,SafeZone,frame_207.jpg,0,0
2026-03-30 21:22:47.040685,person,17,BlindSpot,frame_375.jpg,1,1
2026-03-30 21:17:29.040685,person,35,BlindSpot,frame_216.jpg,1,1
2026-03-30 21:16:11.040685,car,9,SafeZone,frame_177.jpg,0,0
2026-03-30 21:11:09.040685,person,9,BlindSpot,frame_26.jpg,1,1
2026-03-30 21:11:15.040685,person,12,BlindSpot,frame_29.jpg,1,1
2026-03-30 21:18:03.040685,car,1,SafeZone,frame_233.jpg,0,0
2026-03-30 21:14:29.040685,person,18,BlindSpot,frame_126.jpg,1,1
2026-03-30 21:24:25.040685,person,29,BlindSpot,frame_424.jpg,1,1
2026-03-30 21:12:29.040685,person,46,BlindSpot,frame_66.jpg,1,1
2026-03-30 21:10:35.040685,car,36,SafeZone,frame_9.jpg,0,0
2026-03-30 21:26:33.040685,person,42,SafeZone,frame_488.jpg,0,1
2026-03-30 21:18:09.040685,truck,41,SafeZone,frame_236.jpg,0,0
2026-03-30 21:24:51.040685,person,44,BlindSpot,frame_437.jpg,1,1
2026-03-30 21:25:45.040685,person,28,SafeZone,frame_464.jpg,0,1
2026-03-30 21:10:51.040685,bike,8,SafeZone,frame_17.jpg,0,0
2026-03-30 21:23:53.040685,person,6,BlindSpot,frame_408.jpg,1,1
2026-03-30 21:11:45.040685,person,15,BlindSpot,frame_44.jpg,1,1
2026-03-30 21:17:33.040685,truck,11,SafeZone,frame_218.jpg,0,0
2026-03-30 21:16:57.040685,car,12,SafeZone,frame_200.jpg,0,0
2026-03-30 21:11:41.040685,truck,25,SafeZone,frame_42.jpg,0,0
2026-03-30 21:15:03.040685,person,47,BlindSpot,frame_143.jpg,1,1
2026-03-30 21:24:15.040685,person,10,BlindSpot,frame_419.jpg,1,1
2026-03-30 21:23:49.040685,bike,43,SafeZone,frame_406.jpg,0,0
2026-03-30 21:25:39.040685,person,13,SafeZone,frame_461.jpg,0,1
2026-03-30 21:21:55.040685,person,28,BlindSpot,frame_349.jpg,1,1
2026-03-30 21:12:49.040685,person,31,BlindSpot,frame_76.jpg,1,1
2026-03-30 21:21:33.040685,bike,1,SafeZone,frame_338.jpg,0,0
2026-03-30 21:18:21.040685,person,40,BlindSpot,frame_242.jpg,1,1
2026-03-30 21:13:51.040685,bike,25,SafeZone,frame_107.jpg,0,0
2026-03-30 21:20:11.040685,person,36,BlindSpot,frame_297.jpg,1,1
2026-03-30 21:11:39.040685,dog,41,SafeZone,frame_41.jpg,0,0
2026-03-30 21:13:09.040685,person,21,BlindSpot,frame_86.jpg,1,1
2026-03-30 21:25:19.040685,dog,37,BlindSpot,frame_451.jpg,1,0
2026-03-30 21:19:13.040685,bike,29,SafeZone,frame_268.jpg,0,0
2026-03-30 21:10:59.040685,bike,50,SafeZone,frame_21.jpg,0,0
2026-03-30 21:21:53.040685,truck,26,SafeZone,frame_348.jpg,0,0
2026-03-30 21:18:35.040685,bike,15,SafeZone,frame_249.jpg,0,0
2026-03-30 21:21:27.040685,person,29,BlindSpot,frame_335.jpg,1,1
2026-03-30 21:16:53.040685,truck,25,SafeZone,frame_198.jpg,0,0
2026-03-30 21:23:19.040685,car,3,SafeZone,frame_391.jpg,0,0
2026-03-30 21:13:03.040685,car,32,SafeZone,frame_83.jpg,0,0
2026-03-30 21:10:31.040685,bike,38,SafeZone,frame_7.jpg,0,0
2026-03-30 21:17:09.040685,person,15,BlindSpot,frame_206.jpg,1,1
2026-03-30 21:21:19.040685,dog,13,SafeZone,frame_331.jpg,0,0
2026-03-30 21:18:47.040685,person,36,BlindSpot,frame_255.jpg,1,1
2026-03-30 21:16:07.040685,person,13,BlindSpot,frame_175.jpg,1,1
2026-03-30 21:26:31.040685,person,28,SafeZone,frame_487.jpg,0,1
2026-03-30 21:15:21.040685,person,27,BlindSpot,frame_152.jpg,1,1
2026-03-30 21:16:27.040685,dog,44,SafeZone,frame_185.jpg,0,0
2026-03-30 21:17:53.040685,person,28,BlindSpot,frame_228.jpg,1,1
2026-03-30 21:24:35.040685,person,43,BlindSpot,frame_429.jpg,1,1
2026-03-30 21:10:57.040685,car,13,SafeZone,frame_20.jpg,0,0
2026-03-30 21:20:17.040685,truck,38,SafeZone,frame_300.jpg,0,0
2026-03-30 21:22:01.040685,bike,25,SafeZone,frame_352.jpg,0,0
2026-03-30 21:15:07.040685,person,13,BlindSpot,frame_145.jpg,1,1
2026-03-30 21:22:59.040685,person,15,BlindSpot,frame_381.jpg,1,1
2026-03-30 21:21:01.040685,person,25,BlindSpot,frame_322.jpg,1,1
2026-03-30 21:22:13.040685,person,23,BlindSpot,frame_358.jpg,1,1
2026-03-30 21:14:09.040685,person,41,BlindSpot,frame_116.jpg,1,1
2026-03-30 21:11:19.040685,truck,31,SafeZone,frame_31.jpg,0,0
2026-03-30 21:22:39.040685,person,14,BlindSpot,frame_371.jpg,1,1
2026-03-30 21:22:31.040685,car,35,SafeZone,frame_367.jpg,0,0
2026-03-30 21:18:13.040685,dog,19,SafeZone,frame_238.jpg,0,0
2026-03-30 21:19:35.040685,bike,39,SafeZone,frame_279.jpg,0,0
2026-03-30 21:14:37.040685,person,6,BlindSpot,frame_130.jpg,1,1
2026-03-30 21:11:23.040685,person,25,BlindSpot,frame_33.jpg,1,1
2026-03-30 21:20:05.040685,truck,34,SafeZone,frame_294.jpg,0,0
2026-03-30 21:14:05.040685,person,20,BlindSpot,frame_114.jpg,1,1
2026-03-30 21:17:19.040685,person,17,BlindSpot,frame_211.jpg,1,1
2026-03-30 21:22:29.040685,person,39,BlindSpot,frame_366.jpg,1,1
2026-03-30 21:14:01.040685,truck,15,SafeZone,frame_112.jpg,0,0
2026-03-30 21:19:59.040685,person,15,BlindSpot,frame_291.jpg,1,1
2026-03-30 21:23:27.040685,person,22,BlindSpot,frame_395.jpg,1,1
2026-03-30 21:11:57.040685,truck,29,SafeZone,frame_50.jpg,0,0
2026-03-30 21:13:37.040685,person,4,BlindSpot,frame_100.jpg,1,1
2026-03-30 21:18:41.040685,person,3,BlindSpot,frame_252.jpg,1,1
2026-03-30 21:11:31.040685,bike,26,SafeZone,frame_37.jpg,0,0
2026-03-30 21:22:15.040685,bike,26,SafeZone,frame_359.jpg,0,0
2026-03-30 21:24:59.040685,car,50,BlindSpot,frame_441.jpg,1,0
2026-03-30 21:21:39.040685,bike,35,SafeZone,frame_341.jpg,0,0
2026-03-30 21:13:57.040685,car,12,SafeZone,frame_110.jpg,0,0
2026-03-30 21:16:13.040685,truck,45,SafeZone,frame_178.jpg,0,0
2026-03-30 21:26:01.040685,person,39,SafeZone,frame_472.jpg,0,1
2026-03-30 21:26:35.040685,person,14,SafeZone,frame_489.jpg,0,1
2026-03-30 21:10:55.040685,dog,39,SafeZone,frame_19.jpg,0,0
2026-03-30 21:18:19.040685,bike,33,SafeZone,frame_241.jpg,0,0
2026-03-30 21:11:25.040685,truck,10,SafeZone,frame_34.jpg,0,0
2026-03-30 21:19:05.040685,person,39,BlindSpot,frame_264.jpg,1,1
2026-03-30 21:17:51.040685,person,46,BlindSpot,frame_227.jpg,1,1
2026-03-30 21:14:53.040685,bike,18,SafeZone,frame_138.jpg,0,0
2026-03-30 21:13:13.040685,dog,44,SafeZone,frame_88.jpg,0,0
2026-03-30 21:19:49.040685,car,2,SafeZone,frame_286.jpg,0,0
2026-03-30 21:13:29.040685,person,21,BlindSpot,frame_96.jpg,1,1
2026-03-30 21:11:27.040685,person,8,BlindSpot,frame_35.jpg,1,1
2026-03-30 21:22:57.040685,person,14,BlindSpot,frame_380.jpg,1,1
2026-03-30 21:19:31.040685,person,40,BlindSpot,frame_277.jpg,1,1
2026-03-30 21:17:21.040685,bike,38,SafeZone,frame_212.jpg,0,0
2026-03-30 21:22:19.040685,car,42,SafeZone,frame_361.jpg,0,0
2026-03-30 21:14:59.040685,truck,5,SafeZone,frame_141.jpg,0,0
2026-03-30 21:18:31.040685,person,24,BlindSpot,frame_247.jpg,1,1
2026-03-30 21:26:55.040685,person,21,SafeZone,frame_499.jpg,0,1
2026-03-30 21:16:29.040685,person,13,BlindSpot,frame_186.jpg,1,1
2026-03-30 21:14:33.040685,person,35,BlindSpot,frame_128.jpg,1,1
2026-03-30 21:11:35.040685,truck,22,SafeZone,frame_39.jpg,0,0
2026-03-30 21:23:43.040685,car,30,SafeZone,frame_403.jpg,0,0
2026-03-30 21:12:59.040685,dog,19,SafeZone,frame_81.jpg,0,0
2026-03-30 21:19:09.040685,person,43,BlindSpot,frame_266.jpg,1,1
2026-03-30 21:12:37.040685,bike,20,SafeZone,frame_70.jpg,0,0
2026-03-30 21:15:49.040685,person,12,BlindSpot,frame_166.jpg,1,1
2026-03-30 21:12:45.040685,dog,34,SafeZone,frame_74.jpg,0,0
2026-03-30 21:22:25.040685,person,26,BlindSpot,frame_364.jpg,1,1
2026-03-30 21:20:37.040685,dog,35,SafeZone,frame_310.jpg,0,0
2026-03-30 21:19:47.040685,person,27,BlindSpot,frame_285.jpg,1,1
2026-03-30 21:25:17.040685,person,23,SafeZone,frame_450.jpg,0,1
2026-03-30 21:16:45.040685,bike,28,SafeZone,frame_194.jpg,0,0
2026-03-30 21:14:17.040685,bike,1,SafeZone,frame_120.jpg,0,0
2026-03-30 21:22:45.040685,person,37,BlindSpot,frame_374.jpg,1,1
2026-03-30 21:25:03.040685,truck,22,BlindSpot,frame_443.jpg,1,0
2026-03-30 21:26:45.040685,person,18,SafeZone,frame_494.jpg,0,1
2026-03-30 21:25:23.040685,truck,27,BlindSpot,frame_453.jpg,1,0
2026-03-30 21:11:33.040685,person,14,BlindSpot,frame_38.jpg,1,1
2026-03-30 21:25:25.040685,bike,39,BlindSpot,frame_454.jpg,1,0
2026-03-30 21:25:11.040685,person,36,SafeZone,frame_447.jpg,0,1
2026-03-30 21:22:53.040685,person,21,BlindSpot,frame_378.jpg,1,1
2026-03-30 21:22:35.040685,truck,34,SafeZone,frame_369.jpg,0,0
2026-03-30 21:16:49.040685,bike,44,SafeZone,frame_196.jpg,0,0
2026-03-30 21:12:03.040685,dog,8,SafeZone,frame_53.jpg,0,0
2026-03-30 21:24:55.040685,dog,22,SafeZone,frame_439.jpg,0,0
2026-03-30 21:10:45.040685,car,43,SafeZone,frame_14.jpg,0,0
2026-03-30 21:23:55.040685,dog,44,SafeZone,frame_409.jpg,0,0
2026-03-30 21:23:21.040685,truck,17,SafeZone,frame_392.jpg,0,0
2026-03-30 21:26:05.040685,person,33,SafeZone,frame_474.jpg,0,1
2026-03-30 21:19:11.040685,person,40,BlindSpot,frame_267.jpg,1,1
2026-03-30 21:22:09.040685,person,16,BlindSpot,frame_356.jpg,1,1
2026-03-30 21:16:31.040685,truck,21,SafeZone,frame_187.jpg,0,0
2026-03-30 21:21:25.040685,person,33,BlindSpot,frame_334.jpg,1,1
2026-03-30 21:15:13.040685,person,22,BlindSpot,frame_148.jpg,1,1
2026-03-30 21:19:21.040685,person,43,BlindSpot,frame_272.jpg,1,1
2026-03-30 21:11:01.040685,person,3,BlindSpot,frame_22.jpg,1,1
2026-03-30 21:13:41.040685,truck,48,SafeZone,frame_102.jpg,0,0
2026-03-30 21:15:29.040685,dog,37,SafeZone,frame_156.jpg,0,0
2026-03-30 21:20:33.040685,person,20,BlindSpot,frame_308.jpg,1,1
2026-03-30 21:25:33.040685,person,22,SafeZone,frame_458.jpg,0,1
2026-03-30 21:17:23.040685,person,5,BlindSpot,frame_213.jpg,1,1
2026-03-30 21:19:27.040685,bike,27,SafeZone,frame_275.jpg,0,0
2026-03-30 21:12:31.040685,person,17,BlindSpot,frame_67.jpg,1,1
2026-03-30 21:15:45.040685,person,27,BlindSpot,frame_164.jpg,1,1
2026-03-30 21:15:39.040685,car,23,SafeZone,frame_161.jpg,0,0
2026-03-30 21:26:19.040685,truck,31,BlindSpot,frame_481.jpg,1,0
2026-03-30 21:17:47.040685,dog,31,SafeZone,frame_225.jpg,0,0
2026-03-30 21:24:31.040685,dog,6,SafeZone,frame_427.jpg,0,0
2026-03-30 21:16:23.040685,person,5,BlindSpot,frame_183.jpg,1,1
2026-03-30 21:17:59.040685,person,12,BlindSpot,frame_231.jpg,1,1
2026-03-30 21:16:21.040685,dog,46,SafeZone,frame_182.jpg,0,0
2026-03-30 21:26:21.040685,truck,43,BlindSpot,frame_482.jpg,1,0
2026-03-30 21:11:07.040685,bike,14,SafeZone,frame_25.jpg,0,0
2026-03-30 21:23:07.040685,person,30,BlindSpot,frame_385.jpg,1,1
2026-03-30 21:23:09.040685,person,16,BlindSpot,frame_386.jpg,1,1
2026-03-30 21:12:11.040685,car,18,SafeZone,frame_57.jpg,0,0
2026-03-30 21:26:41.040685,person,48,SafeZone,frame_492.jpg,0,1
2026-03-30 21:20:27.040685,car,48,SafeZone,frame_305.jpg,0,0
2026-03-30 21:16:47.040685,bike,39,SafeZone,frame_195.jpg,0,0
2026-03-30 21:20:47.040685,dog,20,SafeZone,frame_315.jpg,0,0
2026-03-30 21:13:27.040685,car,41,SafeZone,frame_95.jpg,0,0
2026-03-30 21:14:49.040685,car,2,SafeZone,frame_136.jpg,0,0
2026-03-30 21:26:07.040685,dog,4,BlindSpot,frame_475.jpg,1,0
2026-03-30 21:12:51.040685,person,31,BlindSpot,frame_77.jpg,1,1
2026-03-30 21:20:35.040685,bike,34,SafeZone,frame_309.jpg,0,0
2026-03-30 21:15:31.040685,car,44,SafeZone,frame_157.jpg,0,0
2026-03-30 21:25:29.040685,bike,35,BlindSpot,frame_456.jpg,1,0
2026-03-30 21:12:07.040685,person,39,BlindSpot,frame_55.jpg,1,1
2026-03-30 21:19:29.040685,person,45,BlindSpot,frame_276.jpg,1,1
2026-03-30 21:12:05.040685,person,16,BlindSpot,frame_54.jpg,1,1
2026-03-30 21:22:07.040685,bike,42,SafeZone,frame_355.jpg,0,0
2026-03-30 21:24:19.040685,bike,13,SafeZone,frame_421.jpg,0,0
2026-03-30 21:25:09.040685,person,33,SafeZone,frame_446.jpg,0,1
2026-03-30 21:16:55.040685,person,1,BlindSpot,frame_199.jpg,1,1
2026-03-30 21:16:05.040685,car,39,SafeZone,frame_174.jpg,0,0
2026-03-30 21:21:09.040685,truck,11,SafeZone,frame_326.jpg,0,0
2026-03-30 21:14:35.040685,dog,18,SafeZone,frame_129.jpg,0,0
2026-03-30 21:20:55.040685,person,6,BlindSpot,frame_319.jpg,1,1
2026-03-30 21:12:25.040685,person,40,BlindSpot,frame_64.jpg,1,1
2026-03-30 21:13:25.040685,car,1,SafeZone,frame_94.jpg,0,0
2026-03-30 21:23:13.040685,truck,21,SafeZone,frame_388.jpg,0,0
2026-03-30 21:23:03.040685,bike,7,SafeZone,frame_383.jpg,0,0
2026-03-30 21:18:51.040685,person,39,BlindSpot,frame_257.jpg,1,1
2026-03-30 21:25:27.040685,car,45,BlindSpot,frame_455.jpg,1,0
2026-03-30 21:13:47.040685,person,30,BlindSpot,frame_105.jpg,1,1
2026-03-30 21:16:59.040685,bike,32,SafeZone,frame_201.jpg,0,0
2026-03-30 21:12:09.040685,truck,11,SafeZone,frame_56.jpg,0,0
2026-03-30 21:10:49.040685,bike,11,SafeZone,frame_16.jpg,0,0
2026-03-30 21:23:39.040685,person,1,BlindSpot,frame_401.jpg,1,1
2026-03-30 21:21:59.040685,bike,46,SafeZone,frame_351.jpg,0,0
2026-03-30 21:18:05.040685,truck,39,SafeZone,frame_234.jpg,0,0
2026-03-30 21:24:41.040685,car,26,SafeZone,frame_432.jpg,0,0
2026-03-30 21:23:11.040685,person,25,BlindSpot,frame_387.jpg,1,1
2026-03-30 21:25:15.040685,person,31,SafeZone,frame_449.jpg,0,1
2026-03-30 21:14:45.040685,bike,44,SafeZone,frame_134.jpg,0,0
2026-03-30 21:11:21.040685,bike,21,SafeZone,frame_32.jpg,0,0
2026-03-30 21:19:57.040685,bike,40,SafeZone,frame_290.jpg,0,0
2026-03-30 21:16:33.040685,truck,4,SafeZone,frame_188.jpg,0,0
2026-03-30 21:23:47.040685,bike,27,SafeZone,frame_405.jpg,0,0
2026-03-30 21:17:57.040685,dog,29,SafeZone,frame_230.jpg,0,0
2026-03-30 21:15:27.040685,dog,13,SafeZone,frame_155.jpg,0,0
2026-03-30 21:20:57.040685,person,29,BlindSpot,frame_320.jpg,1,1
2026-03-30 21:18:27.040685,person,36,BlindSpot,frame_245.jpg,1,1
2026-03-30 21:20:07.040685,bike,50,SafeZone,frame_295.jpg,0,0
2026-03-30 21:12:33.040685,truck,48,SafeZone,frame_68.jpg,0,0
2026-03-30 21:15:43.040685,person,33,BlindSpot,frame_163.jpg,1,1
2026-03-30 21:13:31.040685,dog,17,SafeZone,frame_97.jpg,0,0
2026-03-30 21:14:11.040685,person,21,BlindSpot,frame_117.jpg,1,1
2026-03-30 21:22:11.040685,bike,16,SafeZone,frame_357.jpg,0,0
2026-03-30 21:21:17.040685,bike,14,SafeZone,frame_330.jpg,0,0
2026-03-30 21:10:23.040685,truck,25,SafeZone,frame_3.jpg,0,0
2026-03-30 21:18:49.040685,person,20,BlindSpot,frame_256.jpg,1,1
2026-03-30 21:10:39.040685,person,45,BlindSpot,frame_11.jpg,1,1
2026-03-30 21:24:43.040685,dog,40,SafeZone,frame_433.jpg,0,0
2026-03-30 21:18:53.040685,dog,32,SafeZone,frame_258.jpg,0,0
2026-03-30 21:16:19.040685,person,17,BlindSpot,frame_181.jpg,1,1
2026-03-30 21:16:43.040685,bike,17,SafeZone,frame_193.jpg,0,0
2026-03-30 21:17:49.040685,person,49,BlindSpot,frame_226.jpg,1,1
2026-03-30 21:13:59.040685,person,12,BlindSpot,frame_111.jpg,1,1
2026-03-30 21:25:05.040685,dog,45,BlindSpot,frame_444.jpg,1,0
2026-03-30 21:23:29.040685,bike,24,SafeZone,frame_396.jpg,0,0
2026-03-30 21:14:41.040685,bike,36,SafeZone,frame_132.jpg,0,0
2026-03-30 21:22:27.040685,car,39,SafeZone,frame_365.jpg,0,0
2026-03-30 21:19:19.040685,dog,45,SafeZone,frame_271.jpg,0,0
2026-03-30 21:22:05.040685,person,11,BlindSpot,frame_354.jpg,1,1
2026-03-30 21:13:33.040685,person,1,BlindSpot,frame_98.jpg,1,1
2026-03-30 21:25:43.040685,person,10,SafeZone,frame_463.jpg,0,1
2026-03-30 21:24:07.040685,person,24,BlindSpot,frame_415.jpg,1,1
2026-03-30 21:15:33.040685,dog,49,SafeZone,frame_158.jpg,0,0
2026-03-30 21:18:43.040685,person,46,BlindSpot,frame_253.jpg,1,1
2026-03-30 21:25:47.040685,dog,17,BlindSpot,frame_465.jpg,1,0
2026-03-30 21:20:49.040685,person,11,BlindSpot,frame_316.jpg,1,1
2026-03-30 21:16:01.040685,truck,37,SafeZone,frame_172.jpg,0,0
2026-03-30 21:18:45.040685,dog,34,SafeZone,frame_254.jpg,0,0
2026-03-30 21:26:15.040685,truck,32,BlindSpot,frame_479.jpg,1,0
2026-03-30 21:19:25.040685,person,25,BlindSpot,frame_274.jpg,1,1
2026-03-30 21:18:37.040685,person,45,BlindSpot,frame_250.jpg,1,1
2026-03-30 21:23:01.040685,car,36,SafeZone,frame_382.jpg,0,0
2026-03-30 21:21:45.040685,person,39,BlindSpot,frame_344.jpg,1,1
2026-03-30 21:24:13.040685,person,19,BlindSpot,frame_418.jpg,1,1
2026-03-30 21:15:05.040685,truck,30,SafeZone,frame_144.jpg,0,0
2026-03-30 21:21:47.040685,bike,21,SafeZone,frame_345.jpg,0,0
2026-03-30 21:14:13.040685,car,22,SafeZone,frame_118.jpg,0,0
2026-03-30 21:21:43.040685,dog,15,SafeZone,frame_343.jpg,0,0
2026-03-30 21:24:27.040685,person,10,BlindSpot,frame_425.jpg,1,1
2026-03-30 21:25:41.040685,dog,4,BlindSpot,frame_462.jpg,1,0
2026-03-30 21:21:11.040685,car,1,SafeZone,frame_327.jpg,0,0
2026-03-30 21:15:15.040685,dog,34,SafeZone,frame_149.jpg,0,0
2026-03-30 21:18:57.040685,person,34,BlindSpot,frame_260.jpg,1,1
2026-03-30 21:21:13.040685,person,41,BlindSpot,frame_328.jpg,1,1
2026-03-30 21:10:33.040685,person,8,BlindSpot,frame_8.jpg,1,1
2026-03-30 21:26:13.040685,dog,46,BlindSpot,frame_478.jpg,1,0
2026-03-30 21:22:37.040685,person,12,BlindSpot,frame_370.jpg,1,1
2026-03-30 21:14:19.040685,person,42,BlindSpot,frame_121.jpg,1,1
2026-03-30 21:24:29.040685,bike,31,SafeZone,frame_426.jpg,0,0
2026-03-30 21:23:59.040685,truck,10,SafeZone,frame_411.jpg,0,0
2026-03-30 21:23:05.040685,truck,17,SafeZone,frame_384.jpg,0,0
2026-03-30 21:22:21.040685,dog,9,SafeZone,frame_362.jpg,0,0
2026-03-30 21:11:53.040685,bike,27,SafeZone,frame_48.jpg,0,0
2026-03-30 21:17:15.040685,person,17,BlindSpot,frame_209.jpg,1,1
2026-03-30 21:13:21.040685,person,16,BlindSpot,frame_92.jpg,1,1
2026-03-30 21:19:51.040685,bike,22,SafeZone,frame_287.jpg,0,0
2026-03-30 21:12:27.040685,bike,26,SafeZone,frame_65.jpg,0,0
2026-03-30 21:26:03.040685,person,46,SafeZone,frame_473.jpg,0,1
2026-03-30 21:15:09.040685,person,16,BlindSpot,frame_146.jpg,1,1
2026-03-30 21:20:09.040685,person,2,BlindSpot,frame_296.jpg,1,1
2026-03-30 21:22:49.040685,person,22,BlindSpot,frame_376.jpg,1,1
2026-03-30 21:25:57.040685,car,30,BlindSpot,frame_470.jpg,1,0
2026-03-30 21:21:03.040685,person,13,BlindSpot,frame_323.jpg,1,1
2026-03-30 21:14:25.040685,truck,15,SafeZone,frame_124.jpg,0,0
2026-03-30 21:21:05.040685,person,39,BlindSpot,frame_324.jpg,1,1
2026-03-30 21:12:53.040685,car,48,SafeZone,frame_78.jpg,0,0
2026-03-30 21:21:37.040685,truck,50,SafeZone,frame_340.jpg,0,0
2026-03-30 21:19:45.040685,dog,49,SafeZone,frame_284.jpg,0,0
2026-03-30 21:25:51.040685,bike,4,BlindSpot,frame_467.jpg,1,0
2026-03-30 21:12:43.040685,car,31,SafeZone,frame_73.jpg,0,0
2026-03-30 21:24:05.040685,dog,40,SafeZone,frame_414.jpg,0,0
2026-03-30 21:25:53.040685,truck,26,BlindSpot,frame_468.jpg,1,0
2026-03-30 21:24:39.040685,person,33,BlindSpot,frame_431.jpg,1,1
2026-03-30 21:18:11.040685,person,28,BlindSpot,frame_237.jpg,1,1
2026-03-30 21:19:15.040685,bike,11,SafeZone,frame_269.jpg,0,0
2026-03-30 21:14:15.040685,person,20,BlindSpot,frame_119.jpg,1,1
2026-03-30 21:15:35.040685,person,27,BlindSpot,frame_159.jpg,1,1
2026-03-30 21:14:47.040685,bike,32,SafeZone,frame_135.jpg,0,0
2026-03-30 21:16:39.040685,bike,7,SafeZone,frame_191.jpg,0,0
2026-03-30 21:20:15.040685,person,41,BlindSpot,frame_299.jpg,1,1
2026-03-30 21:21:07.040685,person,36,BlindSpot,frame_325.jpg,1,1
2026-03-30 21:10:25.040685,car,39,SafeZone,frame_4.jpg,0,0
2026-03-30 21:13:17.040685,person,44,BlindSpot,frame_90.jpg,1,1
2026-03-30 21:11:51.040685,person,42,BlindSpot,frame_47.jpg,1,1
2026-03-30 21:11:13.040685,car,18,SafeZone,frame_28.jpg,0,0
2026-03-30 21:22:23.040685,truck,34,SafeZone,frame_363.jpg,0,0
2026-03-30 21:15:17.040685,car,36,SafeZone,frame_150.jpg,0,0
2026-03-30 21:17:07.040685,dog,46,SafeZone,frame_205.jpg,0,0
2026-03-30 21:15:19.040685,person,4,BlindSpot,frame_151.jpg,1,1
2026-03-30 21:19:39.040685,car,48,SafeZone,frame_281.jpg,0,0
2026-03-30 21:19:55.040685,truck,33,SafeZone,frame_289.jpg,0,0
2026-03-30 21:10:41.040685,truck,10,SafeZone,frame_12.jpg,0,0
2026-03-30 21:22:03.040685,truck,33,SafeZone,frame_353.jpg,0,0
2026-03-30 21:17:27.040685,dog,49,SafeZone,frame_215.jpg,0,0
2026-03-30 21:25:59.040685,person,47,SafeZone,frame_471.jpg,0,1
2026-03-30 21:26:47.040685,dog,35,BlindSpot,frame_495.jpg,1,0
2026-03-30 21:16:17.040685,person,10,BlindSpot,frame_180.jpg,1,1
2026-03-30 21:11:03.040685,bike,20,SafeZone,frame_23.jpg,0,0
2026-03-30 21:18:01.040685,person,14,BlindSpot,frame_232.jpg,1,1
2026-03-30 21:20:53.040685,truck,47,SafeZone,frame_318.jpg,0,0
2026-03-30 21:26:09.040685,person,16,SafeZone,frame_476.jpg,0,1
2026-03-30 21:17:55.040685,person,29,BlindSpot,frame_229.jpg,1,1
2026-03-30 21:17:13.040685,person,19,BlindSpot,frame_208.jpg,1,1
2026-03-30 21:16:35.040685,car,29,SafeZone,frame_189.jpg,0,0
2026-03-30 21:16:25.040685,car,13,SafeZone,frame_184.jpg,0,0
2026-03-30 21:18:15.040685,person,32,BlindSpot,frame_239.jpg,1,1
2026-03-30 21:12:39.040685,truck,46,SafeZone,frame_71.jpg,0,0
2026-03-30 21:26:25.040685,person,32,SafeZone,frame_484.jpg,0,1
2026-03-30 21:21:41.040685,person,7,BlindSpot,frame_342.jpg,1,1
2026-03-30 21:11:43.040685,person,9,BlindSpot,frame_43.jpg,1,1
2026-03-30 21:20:13.040685,bike,16,SafeZone,frame_298.jpg,0,0
2026-03-30 21:14:57.040685,truck,1,SafeZone,frame_140.jpg,0,0
2026-03-30 21:17:03.040685,car,9,SafeZone,frame_203.jpg,0,0
2026-03-30 21:10:27.040685,bike,39,SafeZone,frame_5.jpg,0,0
2026-03-30 21:12:17.040685,person,47,BlindSpot,frame_60.jpg,1,1
2026-03-30 21:11:47.040685,person,4,BlindSpot,frame_45.jpg,1,1
2026-03-30 21:20:39.040685,truck,1,SafeZone,frame_311.jpg,0,0
2026-03-30 21:15:25.040685,bike,29,SafeZone,frame_154.jpg,0,0
2026-03-30 21:26:27.040685,car,17,BlindSpot,frame_485.jpg,1,0
2026-03-30 21:17:31.040685,bike,17,SafeZone,frame_217.jpg,0,0
2026-03-30 21:13:53.040685,dog,42,SafeZone,frame_108.jpg,0,0
2026-03-30 21:22:17.040685,person,16,BlindSpot,frame_360.jpg,1,1
2026-03-30 21:19:41.040685,person,37,BlindSpot,frame_282.jpg,1,1
2026-03-30 21:24:33.040685,truck,44,SafeZone,frame_428.jpg,0,0
2026-03-30 21:17:41.040685,bike,8,SafeZone,frame_222.jpg,0,0
2026-03-30 21:20:23.040685,dog,41,SafeZone,frame_303.jpg,0,0
2026-03-30 21:26:17.040685,person,9,SafeZone,frame_480.jpg,0,1
2026-03-30 21:25:35.040685,dog,33,BlindSpot,frame_459.jpg,1,0
2026-03-30 21:20:19.040685,person,45,BlindSpot,frame_301.jpg,1,1
2026-03-30 21:22:51.040685,car,48,SafeZone,frame_377.jpg,0,0
2026-03-30 21:13:45.040685,truck,14,SafeZone,frame_104.jpg,0,0
2026-03-30 21:13:07.040685,person,47,BlindSpot,frame_85.jpg,1,1
2026-03-30 21:19:07.040685,dog,37,SafeZone,frame_265.jpg,0,0
2026-03-30 21:21:35.040685,bike,29,SafeZone,frame_339.jpg,0,0
2026-03-30 21:13:01.040685,bike,38,SafeZone,frame_82.jpg,0,0
2026-03-30 21:15:41.040685,truck,27,SafeZone,frame_162.jpg,0,0
2026-03-30 21:13:49.040685,truck,12,SafeZone,frame_106.jpg,0,0
2026-03-30 21:20:51.040685,car,13,SafeZone,frame_317.jpg,0,0
2026-03-30 21:11:59.040685,person,1,BlindSpot,frame_51.jpg,1,1
2026-03-30 21:20:29.040685,car,41,SafeZone,frame_306.jpg,0,0
2026-03-30 21:24:53.040685,car,43,SafeZone,frame_438.jpg,0,0
2026-03-30 21:12:41.040685,dog,29,SafeZone,frame_72.jpg,0,0
2026-03-30 21:17:17.040685,person,4,BlindSpot,frame_210.jpg,1,1
2026-03-30 21:15:51.040685,bike,18,SafeZone,frame_167.jpg,0,0
2026-03-30 21:16:51.040685,person,40,BlindSpot,frame_197.jpg,1,1
2026-03-30 21:15:37.040685,car,42,SafeZone,frame_160.jpg,0,0
2026-03-30 21:10:29.040685,person,30,BlindSpot,frame_6.jpg,1,1
2026-03-30 21:17:37.040685,dog,13,SafeZone,frame_220.jpg,0,0
2026-03-30 21:10:47.040685,truck,21,SafeZone,frame_15.jpg,0,0
2026-03-30 21:13:35.040685,person,7,BlindSpot,frame_99.jpg,1,1
2026-03-30 21:17:45.040685,dog,35,SafeZone,frame_224.jpg,0,0
2026-03-30 21:19:53.040685,bike,49,SafeZone,frame_288.jpg,0,0
2026-03-30 21:24:21.040685,bike,30,SafeZone,frame_422.jpg,0,0
2026-03-30 21:20:41.040685,person,42,BlindSpot,frame_312.jpg,1,1
2026-03-30 21:20:01.040685,person,31,BlindSpot,frame_292.jpg,1,1
2026-03-30 21:23:15.040685,person,4,BlindSpot,frame_389.jpg,1,1
2026-03-30 21:23:35.040685,truck,38,SafeZone,frame_399.jpg,0,0
2026-03-30 21:25:07.040685,car,38,BlindSpot,frame_445.jpg,1,0
2026-03-30 21:10:43.040685,car,2,SafeZone,frame_13.jpg,0,0
2026-03-30 21:18:59.040685,person,18,BlindSpot,frame_261.jpg,1,1
2026-03-30 21:24:17.040685,bike,45,SafeZone,frame_420.jpg,0,0
2026-03-30 21:17:01.040685,person,43,BlindSpot,frame_202.jpg,1,1
2026-03-30 21:17:39.040685,person,3,BlindSpot,frame_221.jpg,1,1
2026-03-30 21:15:11.040685,dog,13,SafeZone,frame_147.jpg,0,0
2026-03-30 21:19:43.040685,dog,47,SafeZone,frame_283.jpg,0,0
2026-03-30 21:14:03.040685,person,33,BlindSpot,frame_113.jpg,1,1
2026-03-30 21:16:41.040685,person,5,BlindSpot,frame_192.jpg,1,1
2026-03-30 21:26:11.040685,person,39,SafeZone,frame_477.jpg,0,1
2026-03-30 21:15:01.040685,bike,36,SafeZone,frame_142.jpg,0,0
2026-03-30 21:14:51.040685,person,41,BlindSpot,frame_137.jpg,1,1
2026-03-30 21:21:57.040685,car,10,SafeZone,frame_350.jpg,0,0
2026-03-30 21:13:15.040685,dog,28,SafeZone,frame_89.jpg,0,0
2026-03-30 21:15:53.040685,person,20,BlindSpot,frame_168.jpg,1,1
2026-03-30 21:24:23.040685,person,47,BlindSpot,frame_423.jpg,1,1
2026-03-30 21:16:37.040685,bike,38,SafeZone,frame_190.jpg,0,0
2026-03-30 21:25:49.040685,truck,12,BlindSpot,frame_466.jpg,1,0
2026-03-30 21:11:55.040685,bike,3,SafeZone,frame_49.jpg,0,0
2026-03-30 21:19:23.040685,truck,25,SafeZone,frame_273.jpg,0,0
2026-03-30 21:13:19.040685,person,41,BlindSpot,frame_91.jpg,1,1
2026-03-30 21:17:35.040685,car,40,SafeZone,frame_219.jpg,0,0
2026-03-30 21:14:43.040685,person,20,BlindSpot,frame_133.jpg,1,1
2026-03-30 21:10:17.040685,truck,17,SafeZone,frame_0.jpg,0,0
2026-03-30 21:24:09.040685,bike,31,SafeZone,frame_416.jpg,0,0
2026-03-30 21:22:43.040685,truck,26,SafeZone,frame_373.jpg,0,0
2026-03-30 21:24:11.040685,person,3,BlindSpot,frame_417.jpg,1,1
2026-03-30 21:15:23.040685,person,38,BlindSpot,frame_153.jpg,1,1
2026-03-30 21:11:11.040685,person,10,BlindSpot,frame_27.jpg,1,1
2026-03-30 21:14:07.040685,dog,5,SafeZone,frame_115.jpg,0,0
2026-03-30 21:24:47.040685,car,17,SafeZone,frame_435.jpg,0,0
2026-03-30 21:12:35.040685,dog,44,SafeZone,frame_69.jpg,0,0
2026-03-30 21:11:17.040685,person,6,BlindSpot,frame_30.jpg,1,1
2026-03-30 21:23:33.040685,bike,20,SafeZone,frame_398.jpg,0,0
2026-03-30 21:12:01.040685,person,17,BlindSpot,frame_52.jpg,1,1
2026-03-30 21:11:37.040685,dog,45,SafeZone,frame_40.jpg,0,0
2026-03-30 21:24:01.040685,person,17,BlindSpot,frame_412.jpg,1,1
2026-03-30 21:25:01.040685,car,25,BlindSpot,frame_442.jpg,1,0
2026-03-30 21:20:59.040685,person,23,BlindSpot,frame_321.jpg,1,1
2026-03-30 21:23:45.040685,person,2,BlindSpot,frame_404.jpg,1,1
2026-03-30 21:26:37.040685,dog,38,BlindSpot,frame_490.jpg,1,0
2026-03-30 21:12:15.040685,person,27,BlindSpot,frame_59.jpg,1,1
2026-03-30 21:12:13.040685,person,28,BlindSpot,frame_58.jpg,1,1
2026-03-30 21:11:49.040685,car,27,SafeZone,frame_46.jpg,0,0
2026-03-30 21:21:51.040685,bike,30,SafeZone,frame_347.jpg,0,0
2026-03-30 21:16:09.040685,bike,4,SafeZone,frame_176.jpg,0,0
2026-03-30 21:18:25.040685,person,17,BlindSpot,frame_244.jpg,1,1
2026-03-30 21:23:51.040685,dog,36,SafeZone,frame_407.jpg,0,0
2026-03-30 21:20:25.040685,car,36,SafeZone,frame_304.jpg,0,0
2026-03-30 21:25:55.040685,person,50,SafeZone,frame_469.jpg,0,1
2026-03-30 21:18:29.040685,person,48,BlindSpot,frame_246.jpg,1,1
2026-03-30 21:24:45.040685,dog,7,SafeZone,frame_434.jpg,0,0
2026-03-30 21:23:23.040685,car,29,SafeZone,frame_393.jpg,0,0
2026-03-30 21:21:21.040685,car,6,SafeZone,frame_332.jpg,0,0
2026-03-30 21:10:53.040685,person,33,BlindSpot,frame_18.jpg,1,1
2026-03-30 21:13:11.040685,person,29,BlindSpot,frame_87.jpg,1,1
2026-03-30 21:25:31.040685,car,27,BlindSpot,frame_457.jpg,1,0
2026-03-30 21:25:21.040685,person,19,SafeZone,frame_452.jpg,0,1
2026-03-30 21:19:33.040685,truck,29,SafeZone,frame_278.jpg,0,0
2026-03-30 21:10:19.040685,bike,48,SafeZone,frame_1.jpg,0,0
2026-03-30 21:25:37.040685,person,47,SafeZone,frame_460.jpg,0,1
2026-03-30 21:23:17.040685,person,50,BlindSpot,frame_390.jpg,1,1
2026-03-30 21:12:19.040685,person,37,BlindSpot,frame_61.jpg,1,1
2026-03-30 21:26:29.040685,person,13,SafeZone,frame_486.jpg,0,1
2026-03-30 21:16:15.040685,car,38,SafeZone,frame_179.jpg,0,0
2026-03-30 21:14:31.040685,person,15,BlindSpot,frame_127.jpg,1,1
2026-03-30 21:13:05.040685,bike,37,SafeZone,frame_84.jpg,0,0
2026-03-30 21:11:05.040685,truck,31,SafeZone,frame_24.jpg,0,0
2026-03-30 21:20:21.040685,person,49,BlindSpot,frame_302.jpg,1,1
2026-03-30 21:24:57.040685,car,50,BlindSpot,frame_440.jpg,1,0
2026-03-30 21:13:23.040685,person,43,BlindSpot,frame_93.jpg,1,1
2026-03-30 21:13:43.040685,car,38,SafeZone,frame_103.jpg,0,0
2026-03-30 21:10:37.040685,truck,3,SafeZone,frame_10.jpg,0,0
2026-03-30 21:12:55.040685,dog,30,SafeZone,frame_79.jpg,0,0
2026-03-30 21:21:23.040685,car,4,SafeZone,frame_333.jpg,0,0
2026-03-30 21:18:07.040685,bike,43,SafeZone,frame_235.jpg,0,0
2026-03-30 21:13:55.040685,dog,9,SafeZone,frame_109.jpg,0,0
2026-03-30 21:23:31.040685,person,3,BlindSpot,frame_397.jpg,1,1
2026-03-30 21:15:57.040685,car,47,SafeZone,frame_170.jpg,0,0
2026-03-30 21:22:41.040685,truck,35,SafeZone,frame_372.jpg,0,0
2026-03-30 21:23:41.040685,bike,28,SafeZone,frame_402.jpg,0,0
2026-03-30 21:24:37.040685,person,17,BlindSpot,frame_430.jpg,1,1
2026-03-30 21:21:29.040685,car,42,SafeZone,frame_336.jpg,0,0
2026-03-30 21:23:25.040685,dog,7,SafeZone,frame_394.jpg,0,0
2026-03-30 21:19:03.040685,truck,1,SafeZone,frame_263.jpg,0,0
2026-03-30 21:12:47.040685,bike,17,SafeZone,frame_75.jpg,0,0
2026-03-30 21:18:39.040685,car,49,SafeZone,frame_251.jpg,0,0
2026-03-30 21:26:39.040685,person,19,SafeZone,frame_491.jpg,0,1
2026-03-30 21:22:55.040685,person,34,BlindSpot,frame_379.jpg,1,1
2026-03-30 21:15:47.040685,dog,31,SafeZone,frame_165.jpg,0,0
2026-03-30 21:17:43.040685,person,35,BlindSpot,frame_223.jpg,1,1
2026-03-30 21:14:27.040685,person,50,BlindSpot,frame_125.jpg,1,1
2026-03-30 21:19:01.040685,dog,18,SafeZone,frame_262.jpg,0,0
2026-03-30 21:19:17.040685,car,2,SafeZone,frame_270.jpg,0,0
2026-03-30 21:20:03.040685,dog,39,SafeZone,frame_293.jpg,0,0
2026-03-30 21:14:21.040685,dog,20,SafeZone,frame_122.jpg,0,0
2026-03-30 21:12:57.040685,dog,4,SafeZone,frame_80.jpg,0,0
2026-03-30 21:23:57.040685,bike,25,SafeZone,frame_410.jpg,0,0
2026-03-30 21:14:39.040685,person,49,BlindSpot,frame_131.jpg,1,1
2026-03-30 21:26:43.040685,person,48,SafeZone,frame_493.jpg,0,1
2026-03-30 21:12:23.040685,person,19,BlindSpot,frame_63.jpg,1,1
2026-03-30 21:21:49.040685,dog,17,SafeZone,frame_346.jpg,0,0
2026-03-30 21:26:49.040685,truck,4,BlindSpot,frame_496.jpg,1,0
2026-03-30 21:23:37.040685,bike,50,SafeZone,frame_400.jpg,0,0
2026-03-30 21:21:31.040685,person,23,BlindSpot,frame_337.jpg,1,1
2026-03-30 21:11:29.040685,person,37,BlindSpot,frame_36.jpg,1,1
2026-03-30 21:15:55.040685,person,41,BlindSpot,frame_169.jpg,1,1
2026-03-30 21:26:53.040685,car,47,BlindSpot,frame_498.jpg,1,0
2026-03-30 21:24:03.040685,bike,32,SafeZone,frame_413.jpg,0,0
2026-03-30 21:13:39.040685,dog,17,SafeZone,frame_101.jpg,0,0
2026-03-30 21:20:43.040685,bike,26,SafeZone,frame_313.jpg,0,0
2026-03-30 21:18:33.040685,truck,24,SafeZone,frame_248.jpg,0,0
2026-03-30 21:19:37.040685,bike,10,SafeZone,frame_280.jpg,0,0
2026-03-30 21:26:23.040685,truck,39,BlindSpot,frame_483.jpg,1,0
2026-03-30 21:15:59.040685,car,17,SafeZone,frame_171.jpg,0,0
2026-03-30 21:18:55.040685,person,4,BlindSpot,frame_259.jpg,1,1
2026-03-30 21:22:33.040685,person,50,BlindSpot,frame_368.jpg,1,1
2026-03-30 21:18:17.040685,person,11,BlindSpot,frame_240.jpg,1,1
2026-03-30 21:14:55.040685,person,39,BlindSpot,frame_139.jpg,1,1
2026-03-30 21:26:51.040685,dog,13,BlindSpot,frame_497.jpg,1,0
2026-03-30 21:25:13.040685,person,10,SafeZone,frame_448.jpg,0,1
2026-03-30 21:10:21.040685,person,39,BlindSpot,frame_2.jpg,1,1
2026-03-30 21:21:15.040685,bike,28,SafeZone,frame_329.jpg,0,0
2026-03-30 21:18:23.040685,car,28,SafeZone,frame_243.jpg,0,0
2026-03-30 21:24:49.040685,person,5,BlindSpot,frame_436.jpg,1,1
2026-03-30 21:16:03.040685,person,23,BlindSpot,frame_173.jpg,1,1
